{
  "config_file": "/sessions/wonderful-charming-mayer/mnt/EEG_Viz_Att/process1_data_process/configs/process1_overlap.yaml",
  "soa_ms": 514.0,
  "ridge": 1.0,
  "plan_b": {
    "filter_band": [
      0.5,
      30.0
    ]
  },
  "plan_c": {
    "soa_ms": 514.0,
    "ridge": 1.0,
    "cond": 7.0,
    "A_shape": [
      376,
      138
    ],
    "gfp_obs_max_uv": 2.5584683418273926,
    "gfp_dec_max_uv": 1.811460018157959,
    "gfp_pre_after": 0.7225712537765503,
    "gfp_post_after": 0.7638412714004517,
    "ratio_after": 1.0571155548095703,
    "resp_window_ms": [
      -100.0,
      450.0
    ]
  }
}